<?xml version="1.0" encoding="UTF-8"?>
<project-private xmlns="http://www.netbeans.org/ns/project-private/1">
    <data xmlns="http://www.netbeans.org/ns/make-project-private/1">
        <activeConfTypeElem>1</activeConfTypeElem>
        <activeConfIndexElem>0</activeConfIndexElem>
    </data>
    <editor-bookmarks xmlns="http://www.netbeans.org/ns/editor-bookmarks/2" lastBookmarkId="0"/>
    <open-files xmlns="http://www.netbeans.org/ns/projectui-open-files/2">
        <group>
            <file>file:/C:/Users/chieu/Desktop/MonopolyGame/MonpolyGame/ResourceManager.h</file>
            <file>file:/C:/Users/chieu/Desktop/MonopolyGame/MonpolyGame/Dice.h</file>
            <file>file:/C:/Users/chieu/Desktop/MonopolyGame/MonpolyGame/Bank.h</file>
            <file>file:/C:/Users/chieu/Desktop/MonopolyGame/MonpolyGame/docs/html/doxygen_crawl.html</file>
            <file>file:/C:/Users/chieu/Desktop/MonopolyGame/MonpolyGame/docs/html/class_chance_space__inherit__graph.md5</file>
            <file>file:/C:/Users/chieu/Desktop/MonopolyGame/MonpolyGame/Bank.cpp</file>
            <file>file:/C:/Users/chieu/Desktop/MonopolyGame/MonpolyGame/GameState.h</file>
            <file>file:/C:/Users/chieu/Desktop/MonopolyGame/MonpolyGame/MonopolyGame.h</file>
            <file>file:/C:/Users/chieu/Desktop/MonopolyGame/MonpolyGame/docs/html/class_chance_space__coll__graph.png</file>
            <file>file:/C:/Users/chieu/Desktop/MonopolyGame/MonpolyGame/.dep.inc</file>
            <file>file:/C:/Users/chieu/Desktop/MonopolyGame/MonpolyGame/docs/html/_bank_8h_source.html</file>
            <file>file:/C:/Users/chieu/Desktop/MonopolyGame/MonpolyGame/docs/html/_game_exceptions_8h_source.html</file>
            <file>file:/C:/Users/chieu/Desktop/MonopolyGame/MonpolyGame/docs/Doxyfile</file>
            <file>file:/C:/Users/chieu/Desktop/MonopolyGame/MonpolyGame/docs/html/class_chance_space__inherit__graph.map</file>
            <file>file:/C:/Users/chieu/Desktop/MonopolyGame/MonpolyGame/Dice.cpp</file>
            <file>file:/C:/Users/chieu/Desktop/MonopolyGame/MonpolyGame/GameExceptions.h</file>
            <file>file:/C:/Users/chieu/Desktop/MonopolyGame/MonpolyGame/Player.cpp</file>
            <file>file:/C:/Users/chieu/Desktop/MonopolyGame/MonpolyGame/Property.cpp</file>
            <file>file:/C:/Users/chieu/Desktop/MonopolyGame/MonpolyGame/MonopolyGame.cpp</file>
            <file>file:/C:/Users/chieu/Desktop/MonopolyGame/MonpolyGame/Board.cpp</file>
            <file>file:/C:/Users/chieu/Desktop/MonopolyGame/MonpolyGame/Card.h</file>
            <file>file:/C:/Users/chieu/Desktop/MonopolyGame/MonpolyGame/docs/html/search/all_1.js</file>
            <file>file:/C:/Users/chieu/Desktop/MonopolyGame/MonpolyGame/Property.h</file>
            <file>file:/C:/Users/chieu/Desktop/MonopolyGame/MonpolyGame/main.cpp</file>
            <file>file:/C:/Users/chieu/Desktop/MonopolyGame/MonpolyGame/Board.h</file>
            <file>file:/C:/Users/chieu/Desktop/MonopolyGame/MonpolyGame/Makefile</file>
            <file>file:/C:/Users/chieu/Desktop/MonopolyGame/MonpolyGame/Player.h</file>
        </group>
    </open-files>
</project-private>
